transfer_id,timestamp,business_type,urgency_level,user_id,user_tier,counterparty_id,beneficiary_country,max_acceptable_fee_bps,required_settlement_time_sec,technical_type,source_currency,dest_currency,source_chain,dest_chain,amount_source,amount_dest,base_fx_rate,effective_fx_rate,fx_spread_bps,gas_cost_usd,lp_fee_usd,bridge_cost_usd,slippage_cost_usd,slippage_bps,total_fees_usd,total_cost_bps,routing_hops,venues_used,settlement_time_sec,settlement_status,kyc_status,region,liquidity_available,compliance_passed
TXN_00001,2025-11-12T08:00:37.969465,contractor_payment,standard,USER_000072,verified,,PH,62.17,,fiat_to_stable,USD,USDC,,Polygon,2928.2,2890.21,0.998931,0.995725,32.09,14.91,6.37,0.0,4.19,14.33,25.47,86.98,4,"Coinbase,Uniswap,Curve,Kraken",3330,completed,verified,EU,False,True
TXN_00002,2025-10-30T14:10:45.969465,vendor_payment,standard,USER_000053,basic,CORP_0013,,47.18,,stable_to_stable,TUSD,DAI,Ethereum,Avalanche,4496.58,4462.34,0.999594,0.998533,10.62,23.21,1.48,0.0,2.95,6.57,27.64,61.47,3,"Curve,Coinbase,Binance",202,completed,verified,US,True,True
TXN_00003,2025-10-20T09:17:53.969465,remittance,low,USER_000084,basic,,NG,106.81,,stable_to_fiat,TUSD,GBP,BSC,,821.99,807.48,1.000917,0.99968,12.35,10.73,2.44,0.0,1.08,13.16,14.25,173.36,2,"OTC_Desk_1,Kraken",3467,completed,verified,US,True,True
TXN_00004,2025-11-02T04:10:40.969465,vendor_payment,low,USER_000449,verified,CORP_0028,,53.11,,stable_to_stable,BUSD,USDT,Arbitrum,Polygon,16093.36,15938.02,0.997466,0.994448,30.26,8.04,28.89,0.0,29.06,18.06,65.99,41.0,4,"Kraken,Coinbase,OTC_Desk_1,Uniswap",387,completed,verified,EU,True,True
TXN_00005,2025-11-14T02:21:14.969465,vendor_payment,standard,USER_000240,verified,CORP_0071,,57.22,,fiat_to_stable,EUR,TUSD,,Arbitrum,4177.52,4161.99,1.001074,0.999041,20.31,8.75,2.33,0.0,0.44,1.06,11.52,27.58,3,"Curve,Coinbase,OTC_Desk_2",450,completed,verified,LATAM,True,True
TXN_00006,2025-10-22T14:17:24.969465,vendor_payment,low,USER_000473,verified,CORP_0001,,51.98,,stable_to_stable,USDC,USDT,Arbitrum,Arbitrum,4177.58,4137.45,0.997395,0.995815,15.84,15.05,1.37,0.0,6.23,14.91,22.65,54.22,1,OTC_Desk_2,2196,completed,verified,APAC,True,True
TXN_00007,2025-10-27T09:27:31.969465,payroll_salary,low,USER_000476,verified,,NG,32.56,,fiat_to_stable,AUD,BUSD,,BSC,7899.42,7871.29,0.999806,0.998191,16.16,3.47,1.27,0.0,9.1,11.52,13.84,17.52,2,"Binance,OTC_Desk_2",2914,completed,verified,US,True,True
TXN_00008,2025-10-19T02:25:51.969465,invoice_settlement,standard,USER_000277,basic,CORP_0074,,41.22,,fiat_to_stable,CHF,BUSD,,Polygon,49510.68,49098.73,0.998377,0.994918,34.65,10.15,63.98,0.0,86.21,17.41,160.34,32.38,1,OTC_Desk_1,2691,failed,verified,APAC,True,True
TXN_00009,2025-10-20T17:08:48.969465,vendor_payment,standard,USER_000217,basic,CORP_0060,,45.0,,fiat_to_stable,CHF,TUSD,,Ethereum,3487.21,3425.68,0.998202,0.993215,49.97,21.23,10.15,0.0,6.49,18.6,37.87,108.6,2,"Coinbase,Uniswap",2004,completed,verified,US,True,True
TXN_00010,2025-11-01T05:54:00.969465,invoice_settlement,standard,USER_000233,basic,CORP_0090,,47.32,,stable_to_stable,USDT,DAI,Arbitrum,Polygon,39223.28,39173.05,1.004687,1.001566,31.06,14.47,89.0,0.0,8.18,2.09,111.65,28.47,4,"Curve,OTC_Desk_2,Coinbase,Binance",2095,completed,verified,LATAM,True,True
TXN_00011,2025-11-13T21:48:51.969465,remittance,low,USER_000292,basic,,IN,104.78,,fiat_to_stable,AUD,DAI,,Polygon,350.35,341.18,1.000679,0.998764,19.14,8.11,0.17,0.0,0.46,13.26,8.74,249.46,4,"Kraken,Binance,OTC_Desk_1,Uniswap",2559,failed,pending,US,True,False
TXN_00012,2025-11-06T16:09:44.969465,peer_to_peer,low,USER_000451,basic,,,73.12,,cross_chain_bridge,TUSD,TUSD,Avalanche,Arbitrum,104.39,73.76,1.0,0.996747,32.53,24.71,0.21,5.2,0.17,16.52,30.29,2901.62,3,"OTC_Desk_1,Binance,Coinbase",1098,completed,verified,LATAM,True,True
TXN_00013,2025-10-27T16:12:14.969465,vendor_payment,standard,USER_000352,verified,CORP_0034,,50.11,,stable_to_stable,USDC,USDT,Avalanche,Optimism,6020.38,6011.62,1.003293,1.002593,6.98,9.67,2.89,0.0,11.81,19.62,24.37,40.48,2,"OTC_Desk_1,Uniswap",2274,completed,verified,US,True,True
TXN_00014,2025-11-14T13:50:45.969465,remittance,low,USER_000299,verified,,BR,85.1,,fiat_to_stable,AUD,USDC,,Arbitrum,115.14,109.99,0.99884,0.997219,16.23,4.36,0.27,0.0,0.2,17.8,4.83,419.49,4,"Curve,OTC_Desk_1,Coinbase,OTC_Desk_2",3556,completed,verified,EU,False,True
TXN_00015,2025-10-17T03:05:23.969465,merchant_payment,standard,USER_000211,verified,,,171.84,,stable_to_stable,DAI,USDT,Avalanche,Ethereum,30.83,17.86,0.998825,0.998152,6.74,12.83,0.02,0.0,0.06,18.45,12.91,4187.48,3,"Kraken,Coinbase,OTC_Desk_1",111,completed,verified,UK,True,True
TXN_00016,2025-10-27T23:16:17.969465,remittance,standard,USER_000432,verified,,IN,84.61,,fiat_to_stable,GBP,TUSD,,Arbitrum,324.74,312.09,0.998153,0.994974,31.85,9.95,0.77,0.0,0.3,9.29,11.02,339.35,1,Uniswap,2376,completed,verified,APAC,True,True
TXN_00017,2025-11-07T06:53:27.969465,remittance,standard,USER_000380,verified,,NG,94.57,,stable_to_fiat,DAI,AUD,Avalanche,,229.81,219.93,1.001392,0.997648,37.39,8.91,0.23,0.0,0.2,8.76,9.34,406.42,4,"OTC_Desk_1,Kraken,Curve,Coinbase",800,completed,verified,EU,True,True
TXN_00018,2025-11-02T09:29:29.969465,vendor_payment,standard,USER_000221,verified,CORP_0078,,53.09,,stable_to_stable,BUSD,TUSD,Avalanche,Polygon,6363.84,6291.73,1.000112,0.996039,40.72,24.08,14.22,0.0,8.6,13.52,46.9,73.7,3,"Curve,OTC_Desk_1,OTC_Desk_2",1387,completed,pending,EU,True,False
TXN_00019,2025-10-25T16:44:48.969465,vendor_payment,urgent,USER_000244,verified,CORP_0099,,41.46,300.0,stable_to_stable,TUSD,USDT,Avalanche,Avalanche,2490.55,2466.86,0.99884,0.996544,22.98,5.39,5.22,0.0,4.47,17.96,15.08,60.55,1,OTC_Desk_2,1756,completed,verified,LATAM,False,True
TXN_00020,2025-10-18T05:28:51.969465,merchant_payment,urgent,USER_000069,verified,,,160.05,60.0,stable_to_fiat,BUSD,CAD,BSC,,40.63,18.64,0.999784,0.998568,12.16,21.81,0.06,0.0,0.06,15.28,21.93,5397.49,3,"OTC_Desk_2,Curve,Uniswap",2582,completed,verified,UK,True,True
TXN_00021,2025-10-27T16:14:56.969465,merchant_payment,urgent,USER_000078,basic,,,161.64,60.0,stable_to_stable,USDC,TUSD,Optimism,Arbitrum,515.94,506.56,1.000426,0.998054,23.71,6.76,0.68,0.0,0.94,18.19,8.38,162.42,1,OTC_Desk_2,3150,completed,verified,UK,True,True
TXN_00022,2025-11-01T17:48:33.969465,peer_to_peer,standard,USER_000383,verified,,,89.6,,stable_to_stable,BUSD,USDT,Arbitrum,Optimism,122.06,103.92,0.999856,0.997607,22.5,17.38,0.29,0.0,0.18,14.76,17.85,1462.4,4,"Coinbase,Curve,OTC_Desk_1,Binance",1628,completed,verified,US,False,True
TXN_00023,2025-10-21T20:49:05.969465,vendor_payment,standard,USER_000168,basic,CORP_0042,,46.75,,stable_to_stable,DAI,TUSD,Arbitrum,Ethereum,5265.98,5223.01,0.999703,0.995834,38.71,3.2,15.06,0.0,2.77,5.26,21.03,39.94,1,OTC_Desk_2,2684,completed,verified,EU,True,True
TXN_00024,2025-10-16T22:32:45.969465,vendor_payment,standard,USER_000059,verified,CORP_0028,,49.3,,stable_to_stable,DAI,USDT,BSC,BSC,1675.15,1654.63,1.004637,1.000887,37.33,19.89,0.96,0.0,1.16,6.91,22.01,131.39,1,Kraken,2373,completed,pending,APAC,True,False
TXN_00025,2025-10-19T07:31:20.969465,merchant_payment,urgent,USER_000357,verified,,,171.02,60.0,fiat_to_stable,USD,DAI,,BSC,87.45,73.35,0.999714,0.997547,21.68,13.64,0.1,0.0,0.15,17.14,13.89,1588.34,4,"Binance,Uniswap,Kraken,OTC_Desk_1",2912,completed,verified,LATAM,True,True
TXN_00026,2025-11-11T08:45:34.969465,remittance,standard,USER_000224,verified,,PK,92.89,,stable_to_fiat,USDC,SGD,Optimism,,544.43,525.69,0.998975,0.996387,25.91,16.04,0.65,0.0,0.08,1.55,16.77,308.03,3,"Coinbase,Uniswap,OTC_Desk_2",1468,completed,verified,LATAM,True,True
TXN_00027,2025-11-08T18:54:09.969465,peer_to_peer,urgent,USER_000369,basic,,,81.77,300.0,stable_to_stable,BUSD,TUSD,Optimism,Ethereum,66.77,48.34,0.995931,0.994439,14.97,17.91,0.07,0.0,0.08,12.05,18.06,2704.81,4,"Curve,OTC_Desk_2,Kraken,Uniswap",3070,completed,verified,APAC,True,True
TXN_00028,2025-10-29T03:09:50.969465,vendor_payment,standard,USER_000062,verified,CORP_0098,,53.8,,fiat_to_stable,JPY,BUSD,,Arbitrum,6671.18,6622.34,1.000898,0.995999,48.95,14.07,6.14,0.0,1.94,2.91,22.15,33.2,2,"Kraken,Coinbase",1493,completed,verified,LATAM,True,True
TXN_00029,2025-10-27T17:55:39.969465,remittance,standard,USER_000065,verified,,CO,84.1,,stable_to_fiat,TUSD,SGD,Optimism,,315.32,289.63,0.999915,0.997882,20.33,24.21,0.26,0.0,0.55,17.37,25.02,793.48,1,OTC_Desk_2,282,completed,verified,US,True,True
TXN_00030,2025-10-22T10:45:12.969465,peer_to_peer,urgent,USER_000128,basic,,,88.46,300.0,stable_to_stable,TUSD,BUSD,Optimism,Optimism,116.93,104.24,0.997974,0.994832,31.48,11.86,0.2,0.0,0.03,2.14,12.09,1033.95,1,OTC_Desk_2,866,completed,verified,US,True,True
TXN_00031,2025-10-26T07:05:11.969465,vendor_payment,urgent,USER_000231,verified,CORP_0061,,45.83,300.0,fiat_to_stable,SGD,DAI,,Avalanche,3150.66,3137.45,1.001438,1.000617,8.2,7.37,2.73,0.0,5.05,16.03,15.15,48.09,2,"Uniswap,Binance",2245,completed,verified,UK,True,True
TXN_00032,2025-10-19T02:56:46.969465,treasury_rebalance,standard,USER_000423,verified,,,18.31,,stable_to_stable,BUSD,DAI,Avalanche,Optimism,2072030.13,2074405.78,1.004427,1.001662,27.52,13.36,690.57,0.0,364.13,1.76,1068.06,5.15,4,"OTC_Desk_1,Kraken,Curve,OTC_Desk_2",120,completed,pending,LATAM,True,False
TXN_00033,2025-11-13T18:45:53.969465,remittance,low,USER_000090,basic,,CO,116.64,,stable_to_fiat,TUSD,CAD,Avalanche,,494.85,479.26,1.001257,0.99639,48.61,12.81,0.64,0.0,0.35,7.1,13.8,278.87,1,OTC_Desk_2,673,completed,verified,UK,False,True
TXN_00034,2025-11-08T12:56:05.969465,vendor_payment,standard,USER_000060,premium,CORP_0052,,57.3,,fiat_to_stable,CHF,BUSD,,Ethereum,2220.24,2185.67,0.99875,0.996625,21.28,19.4,4.25,0.0,3.43,15.44,27.08,121.97,2,"Kraken,Curve",551,pending,verified,APAC,True,True
TXN_00035,2025-10-17T07:34:14.969465,treasury_rebalance,standard,USER_000160,verified,,,20.42,,stable_to_stable,USDT,USDC,Optimism,Ethereum,940051.49,938049.53,1.001477,1.000282,11.93,23.45,889.66,0.0,1353.94,14.4,2267.05,24.12,4,"OTC_Desk_2,Uniswap,OTC_Desk_1,Coinbase",1885,completed,verified,LATAM,True,True
TXN_00036,2025-10-19T01:11:25.969465,treasury_rebalance,standard,USER_000479,verified,,,18.14,,stable_to_stable,DAI,BUSD,BSC,BSC,195894.45,195860.51,1.004989,1.002272,27.03,5.42,325.55,0.0,148.04,7.56,479.01,24.45,4,"Uniswap,Kraken,Coinbase,Curve",2357,completed,verified,APAC,True,True
TXN_00037,2025-10-29T15:41:06.969465,contractor_payment,standard,USER_000198,premium,,MX,59.89,,fiat_to_stable,GBP,TUSD,,BSC,2347.75,2317.29,0.999328,0.998377,9.52,21.44,0.91,0.0,4.3,18.3,26.65,113.51,1,OTC_Desk_1,605,completed,verified,EU,True,True
TXN_00038,2025-11-05T02:43:52.969465,invoice_settlement,standard,USER_000333,basic,CORP_0043,,45.64,,stable_to_stable,DAI,TUSD,BSC,Ethereum,2937.45,2914.28,1.001175,0.999616,15.56,17.74,2.74,0.0,1.56,5.32,22.04,75.03,1,Uniswap,418,completed,verified,US,False,True
TXN_00039,2025-10-23T04:37:55.969465,merchant_payment,urgent,USER_000408,basic,,,141.51,60.0,cross_chain_bridge,USDT,USDT,Polygon,Avalanche,43.77,16.52,1.0,0.997646,23.54,17.68,0.03,9.38,0.06,12.58,27.15,6202.88,4,"Curve,OTC_Desk_1,Coinbase,Uniswap",2403,completed,verified,UK,False,True
TXN_00040,2025-10-26T23:35:36.969465,merchant_payment,standard,USER_000148,verified,,,129.48,,cross_chain_bridge,DAI,DAI,BSC,Arbitrum,168.27,129.59,1.0,0.996625,33.75,11.76,0.14,26.13,0.08,4.79,38.11,2264.81,4,"OTC_Desk_2,Uniswap,Binance,Coinbase",1577,completed,verified,UK,True,True
TXN_00041,2025-11-13T04:18:53.969465,vendor_payment,low,USER_000399,verified,CORP_0007,,58.21,,stable_to_stable,DAI,USDT,BSC,Arbitrum,8813.04,8734.68,0.99719,0.995838,13.56,7.76,20.19,0.0,13.73,15.58,41.68,47.29,2,"OTC_Desk_1,Binance",2585,completed,verified,APAC,True,True
TXN_00042,2025-11-09T19:17:22.969465,vendor_payment,low,USER_000168,verified,CORP_0023,,44.02,,stable_to_stable,TUSD,DAI,Polygon,Arbitrum,5702.86,5659.58,1.00414,0.999372,47.49,24.25,5.45,0.0,10.0,17.54,39.7,69.61,1,Uniswap,323,completed,pending,APAC,True,False
TXN_00043,2025-10-19T22:44:01.969465,vendor_payment,standard,USER_000233,basic,CORP_0096,,53.45,,stable_to_stable,DAI,USDC,Avalanche,Polygon,4575.31,4524.71,0.999715,0.996428,32.88,23.69,4.81,0.0,5.76,12.59,34.26,74.88,1,OTC_Desk_1,3389,completed,verified,APAC,True,True
TXN_00044,2025-10-22T00:55:38.969465,invoice_settlement,standard,USER_000050,basic,CORP_0069,,34.17,,stable_to_stable,DAI,TUSD,BSC,Avalanche,16369.67,16254.12,1.002266,0.997771,44.84,17.06,41.21,0.0,20.79,12.7,79.06,48.3,3,"Binance,OTC_Desk_1,Kraken",904,completed,pending,UK,True,False
TXN_00045,2025-11-14T08:17:10.969465,merchant_payment,standard,USER_000032,basic,,,131.39,,fiat_to_stable,CHF,USDC,,Avalanche,38.33,13.78,0.998848,0.995475,33.78,24.34,0.01,0.0,0.03,7.34,24.38,6360.55,2,"OTC_Desk_2,Curve",855,completed,verified,EU,True,True
TXN_00046,2025-10-26T00:15:25.969465,vendor_payment,low,USER_000002,basic,CORP_0019,,59.75,,stable_to_stable,USDT,USDC,Avalanche,Ethereum,2877.54,2835.19,0.996318,0.994214,21.12,20.13,5.2,0.0,0.37,1.3,25.7,89.31,3,"Binance,Coinbase,Uniswap",2169,completed,verified,APAC,True,True
TXN_00047,2025-11-06T23:30:42.969465,remittance,standard,USER_000315,basic,,PK,98.32,,stable_to_fiat,USDC,CHF,Optimism,,351.09,331.13,0.999705,0.99872,9.86,18.39,0.49,0.0,0.63,18.09,19.51,555.7,3,"Curve,Coinbase,Binance",531,completed,verified,LATAM,True,True
TXN_00048,2025-11-01T08:32:09.969465,invoice_settlement,standard,USER_000221,basic,CORP_0090,,33.83,,fiat_to_stable,CAD,BUSD,,Polygon,66835.7,66324.82,0.999655,0.995433,42.23,11.17,148.1,0.0,46.37,6.94,205.64,30.77,3,"OTC_Desk_1,Kraken,OTC_Desk_2",640,completed,verified,US,True,True
TXN_00049,2025-10-20T01:20:42.969465,contractor_payment,standard,USER_000067,verified,,VN,64.08,,stable_to_stable,DAI,TUSD,Avalanche,Ethereum,2603.57,2591.37,1.004684,1.001467,32.02,10.09,4.62,0.0,1.31,5.04,16.02,61.53,4,"Coinbase,Binance,Kraken,Curve",485,completed,verified,APAC,True,True
TXN_00050,2025-11-11T01:53:18.969465,treasury_rebalance,urgent,USER_000093,basic,,,22.1,300.0,cross_chain_bridge,DAI,DAI,Ethereum,Arbitrum,129208.16,128282.8,1.0,0.995586,44.14,15.03,163.1,8.55,168.36,13.03,355.04,27.48,1,Binance,3071,completed,verified,APAC,True,True
TXN_00051,2025-10-22T19:16:55.969465,contractor_payment,standard,USER_000291,verified,,IN,51.73,,fiat_to_stable,EUR,DAI,,Optimism,2564.83,2541.2,1.000648,0.997961,26.85,12.17,2.29,0.0,3.94,15.34,18.4,71.74,1,Kraken,1775,completed,verified,LATAM,False,True
TXN_00052,2025-11-07T13:35:55.969465,vendor_payment,standard,USER_000307,basic,CORP_0027,,46.03,,fiat_to_stable,GBP,DAI,,Arbitrum,3720.57,3691.51,0.999312,0.998778,5.35,19.18,2.27,0.0,3.06,8.22,24.51,65.88,2,"Curve,OTC_Desk_2",3428,completed,verified,APAC,True,True
TXN_00053,2025-11-03T15:55:05.969465,merchant_payment,standard,USER_000295,basic,,,144.27,,cross_chain_bridge,DAI,DAI,Ethereum,BSC,77.79,47.5,1.0,0.999406,5.94,9.47,0.19,20.45,0.13,16.81,30.24,3887.39,3,"Binance,Uniswap,OTC_Desk_2",1011,completed,verified,US,False,True
TXN_00054,2025-10-29T07:40:57.969465,vendor_payment,standard,USER_000040,verified,CORP_0015,,50.61,,fiat_to_stable,AUD,DAI,,Avalanche,7995.8,7969.91,1.001833,0.998422,34.04,5.4,3.18,0.0,4.69,5.86,13.27,16.6,2,"Curve,Coinbase",3128,completed,verified,APAC,False,True
TXN_00055,2025-11-09T03:42:13.969465,remittance,low,USER_000290,verified,,VN,114.57,,fiat_to_stable,GBP,BUSD,,Ethereum,1103.15,1076.16,0.999876,0.996535,33.41,20.32,2.0,0.0,0.85,7.69,23.17,210.03,1,Kraken,1906,completed,verified,UK,True,True
TXN_00056,2025-11-12T14:49:30.969465,vendor_payment,standard,USER_000197,basic,CORP_0071,,59.08,,fiat_to_stable,CHF,TUSD,,Avalanche,10218.72,10120.38,0.998753,0.995534,32.23,13.53,29.4,0.0,9.77,9.56,52.7,51.57,3,"OTC_Desk_1,Binance,Curve",2661,completed,verified,APAC,False,True
TXN_00057,2025-11-07T10:27:15.969465,vendor_payment,standard,USER_000145,basic,CORP_0044,,53.58,,fiat_to_stable,AUD,USDC,,Arbitrum,2625.61,2594.19,0.998378,0.994831,35.53,8.54,5.77,0.0,3.54,13.47,17.85,67.98,2,"Kraken,Binance",2401,completed,verified,UK,False,True
TXN_00058,2025-10-21T14:32:21.969465,peer_to_peer,standard,USER_000193,verified,,,74.51,,stable_to_stable,TUSD,USDC,Avalanche,Avalanche,115.6,104.8,0.999234,0.997107,21.28,10.34,0.07,0.0,0.06,5.07,10.47,905.71,4,"Coinbase,OTC_Desk_2,OTC_Desk_1,Curve",331,completed,verified,LATAM,True,True
TXN_00059,2025-11-13T07:15:32.969465,contractor_payment,urgent,USER_000193,basic,,MX,67.95,300.0,fiat_to_stable,CHF,USDC,,Optimism,2579.0,2534.9,0.999457,0.995721,37.38,24.3,4.82,0.0,3.94,15.3,33.06,128.19,4,"Coinbase,Curve,OTC_Desk_2,Kraken",3327,completed,verified,EU,True,True
TXN_00060,2025-11-14T00:30:04.969465,remittance,standard,USER_000196,verified,,BR,118.65,,stable_to_fiat,TUSD,GBP,Arbitrum,,1057.19,1037.45,0.998209,0.995551,26.63,10.54,2.97,0.0,1.53,14.52,15.04,142.26,1,Kraken,358,completed,verified,LATAM,True,True
TXN_00061,2025-11-03T16:59:34.969465,vendor_payment,standard,USER_000179,premium,CORP_0054,,41.07,,stable_to_stable,USDT,TUSD,Ethereum,Arbitrum,3461.35,3430.79,0.997245,0.995317,19.34,4.28,7.52,0.0,2.55,7.37,14.35,41.46,2,"Coinbase,Binance",1190,completed,verified,EU,False,True
TXN_00062,2025-11-04T05:32:36.969465,merchant_payment,urgent,USER_000111,verified,,,152.93,60.0,cross_chain_bridge,USDC,USDC,Arbitrum,Polygon,120.04,91.59,1.0,0.998145,18.55,3.1,0.16,24.85,0.12,9.69,28.23,2351.72,1,OTC_Desk_2,2062,completed,verified,LATAM,True,True
TXN_00063,2025-10-22T05:12:03.969465,vendor_payment,standard,USER_000293,basic,CORP_0086,,53.36,,stable_to_stable,USDC,USDT,Optimism,Optimism,2138.91,2107.27,0.995435,0.993205,22.41,10.59,4.85,0.0,1.67,7.78,17.11,79.99,1,Kraken,1002,completed,verified,LATAM,True,True
TXN_00064,2025-10-21T17:55:58.969465,remittance,low,USER_000090,verified,,CO,119.23,,fiat_to_stable,GBP,USDT,,Ethereum,199.63,195.54,1.000864,0.996114,47.46,2.85,0.14,0.0,0.32,16.03,3.31,165.81,1,Kraken,1285,completed,pending,LATAM,False,False
TXN_00065,2025-10-26T20:56:24.969465,payroll_salary,urgent,USER_000442,verified,,VN,27.28,300.0,fiat_to_stable,CAD,BUSD,,Avalanche,5588.73,5539.24,0.999759,0.994956,48.04,9.8,3.59,0.0,7.91,14.15,21.3,38.11,3,"OTC_Desk_2,Curve,Kraken",3296,completed,verified,APAC,True,True
TXN_00066,2025-11-08T08:11:56.969465,vendor_payment,standard,USER_000152,basic,CORP_0078,,54.35,,fiat_to_stable,CHF,DAI,,Optimism,14159.57,14009.93,0.998169,0.993762,44.15,10.11,42.4,0.0,8.8,6.22,61.31,43.3,1,Binance,2764,completed,verified,EU,True,True
TXN_00067,2025-10-22T04:48:14.969465,payroll_salary,urgent,USER_000065,basic,,VN,28.35,300.0,stable_to_fiat,TUSD,GBP,Avalanche,,3749.13,3725.47,0.9998,0.997631,21.69,12.21,1.21,0.0,1.36,3.62,14.78,39.42,3,"Uniswap,Kraken,OTC_Desk_1",1037,pending,verified,EU,False,True
TXN_00068,2025-11-07T04:18:34.969465,remittance,standard,USER_000134,verified,,NG,119.85,,fiat_to_stable,CHF,USDT,,Ethereum,1080.14,1067.21,0.998543,0.997711,8.33,5.97,2.34,0.0,2.15,19.95,10.46,96.84,3,"OTC_Desk_1,Kraken,Binance",2267,completed,verified,EU,True,True
TXN_00069,2025-10-31T12:25:50.969465,vendor_payment,standard,USER_000072,basic,CORP_0064,,40.53,,stable_to_stable,BUSD,USDT,BSC,Ethereum,6599.57,6521.73,0.995657,0.993376,22.92,18.49,9.82,0.0,5.81,8.81,34.12,51.7,4,"OTC_Desk_2,Curve,Binance,Coinbase",1313,completed,verified,LATAM,True,True
TXN_00070,2025-10-21T13:50:29.969465,treasury_rebalance,standard,USER_000094,verified,,,17.03,,stable_to_stable,USDC,DAI,Arbitrum,Polygon,304740.44,301074.96,0.99662,0.991929,47.06,7.19,867.81,0.0,330.92,10.86,1205.92,39.57,3,"OTC_Desk_2,Binance,Kraken",819,completed,verified,EU,True,True
TXN_00071,2025-11-11T07:27:41.969465,remittance,standard,USER_000483,verified,,MX,106.35,,fiat_to_stable,USD,USDC,,Ethereum,659.83,638.79,0.998182,0.994801,33.87,15.27,1.31,0.0,1.03,15.57,17.61,266.89,4,"Curve,OTC_Desk_1,Binance,Uniswap",2583,completed,verified,UK,False,True
TXN_00072,2025-10-26T12:45:27.969465,payroll_salary,urgent,USER_000038,verified,,MX,29.28,300.0,fiat_to_stable,CHF,USDT,,Arbitrum,7753.97,7693.23,1.000427,0.998519,19.07,18.52,17.28,0.0,13.46,17.35,49.26,63.53,4,"Coinbase,Kraken,Curve,Binance",1322,completed,verified,APAC,True,True
TXN_00073,2025-10-22T01:59:39.969465,invoice_settlement,standard,USER_000316,basic,CORP_0021,,45.02,,stable_to_stable,USDT,DAI,Optimism,BSC,21546.14,21403.55,0.999668,0.995214,44.56,13.44,7.78,0.0,18.25,8.47,39.47,18.32,4,"Coinbase,OTC_Desk_2,Curve,Kraken",214,completed,verified,APAC,True,True
TXN_00074,2025-11-07T22:54:30.969465,vendor_payment,standard,USER_000136,verified,CORP_0098,,48.07,,fiat_to_stable,CAD,USDC,,BSC,16615.67,16539.55,1.000247,0.998115,21.31,8.64,20.28,0.0,15.88,9.56,44.8,26.96,3,"OTC_Desk_2,Curve,OTC_Desk_1",501,completed,verified,UK,True,True
TXN_00075,2025-11-08T21:17:24.969465,vendor_payment,standard,USER_000206,verified,CORP_0006,,40.78,,stable_to_stable,BUSD,TUSD,Polygon,BSC,669.46,646.65,1.003931,1.002798,11.29,23.42,0.69,0.0,0.57,8.47,24.68,368.66,3,"Curve,Kraken,OTC_Desk_2",3407,completed,verified,LATAM,True,True
TXN_00076,2025-11-05T08:45:37.969465,invoice_settlement,standard,USER_000214,verified,CORP_0093,,45.95,,fiat_to_stable,CHF,DAI,,Avalanche,52384.17,52040.6,1.001132,0.997134,39.93,15.29,114.83,0.0,63.32,12.09,193.44,36.93,2,"Curve,OTC_Desk_1",2968,completed,verified,EU,True,True
TXN_00077,2025-10-17T10:30:20.969465,vendor_payment,urgent,USER_000161,basic,CORP_0053,,53.81,300.0,stable_to_stable,TUSD,BUSD,Avalanche,Avalanche,5345.47,5296.5,0.995623,0.994506,11.21,6.77,5.57,0.0,7.26,13.58,19.6,36.67,4,"Kraken,Coinbase,Uniswap,OTC_Desk_2",2252,completed,verified,UK,False,True
TXN_00078,2025-10-24T06:08:53.969465,remittance,standard,USER_000499,premium,,PK,108.2,,fiat_to_stable,AUD,BUSD,,Arbitrum,397.47,376.26,1.000242,0.995536,47.05,18.6,0.37,0.0,0.47,11.9,19.44,489.09,4,"Uniswap,Kraken,Coinbase,OTC_Desk_1",187,completed,verified,UK,False,True
TXN_00079,2025-11-13T01:10:23.969465,remittance,standard,USER_000276,basic,,PK,85.49,,stable_to_fiat,USDT,USD,Avalanche,,536.48,528.58,1.001621,1.000103,15.16,7.36,0.21,0.0,0.39,7.28,7.96,148.37,4,"Binance,OTC_Desk_1,Coinbase,OTC_Desk_2",2269,failed,verified,APAC,False,True
TXN_00080,2025-11-12T20:06:24.969465,peer_to_peer,standard,USER_000331,basic,,,88.6,,stable_to_stable,TUSD,USDC,Polygon,Optimism,38.7,15.5,1.003822,1.002526,12.91,23.15,0.12,0.0,0.03,8.54,23.3,6020.67,4,"Coinbase,OTC_Desk_1,Kraken,Binance",52,completed,verified,UK,True,True
TXN_00081,2025-11-04T11:35:10.969465,remittance,low,USER_000069,verified,,CO,90.91,,stable_to_fiat,DAI,GBP,Avalanche,,422.42,413.75,0.999836,0.998178,16.58,6.28,0.94,0.0,0.68,16.02,7.9,187.02,2,"Coinbase,Curve",3521,completed,verified,APAC,True,True
TXN_00082,2025-10-19T18:19:18.969465,vendor_payment,low,USER_000245,basic,CORP_0032,,40.14,,stable_to_stable,USDT,TUSD,Arbitrum,Arbitrum,6576.69,6514.34,0.998019,0.994274,37.53,2.26,13.12,0.0,9.31,14.16,24.69,37.54,1,OTC_Desk_1,499,completed,verified,LATAM,True,True
TXN_00083,2025-11-14T12:01:16.969465,merchant_payment,urgent,USER_000315,basic,,,177.44,60.0,cross_chain_bridge,USDT,USDT,Optimism,Avalanche,521.55,476.06,1.0,0.997819,21.81,18.14,1.43,23.93,0.85,16.24,44.35,850.35,2,"OTC_Desk_2,Coinbase",2801,completed,verified,US,False,True
TXN_00084,2025-11-07T14:38:59.969465,vendor_payment,standard,USER_000032,verified,CORP_0065,,44.04,,fiat_to_stable,GBP,DAI,,BSC,3359.03,3316.63,0.999767,0.996207,35.61,18.49,5.1,0.0,6.07,18.08,29.66,88.3,4,"OTC_Desk_2,Binance,Uniswap,Coinbase",2117,completed,verified,LATAM,False,True
TXN_00085,2025-11-13T18:44:55.969465,contractor_payment,standard,USER_000419,basic,,NG,61.88,,fiat_to_stable,CAD,DAI,,Avalanche,1075.31,1042.25,0.998255,0.99329,49.74,23.5,0.32,0.0,2.02,18.74,25.84,240.3,1,Kraken,1689,completed,verified,APAC,True,True
TXN_00086,2025-11-01T09:22:31.969465,merchant_payment,urgent,USER_000042,verified,,,159.71,60.0,stable_to_stable,DAI,USDC,Polygon,BSC,90.8,65.73,0.998931,0.997859,10.73,24.51,0.23,0.0,0.14,15.37,24.88,2740.09,3,"Uniswap,OTC_Desk_1,Curve",1752,completed,verified,EU,False,True
TXN_00087,2025-10-30T20:02:53.969465,vendor_payment,low,USER_000392,basic,CORP_0085,,48.38,,fiat_to_stable,JPY,USDT,,Ethereum,10094.95,10032.99,0.998404,0.997754,6.51,15.75,21.6,0.0,1.94,1.92,39.29,38.92,1,Uniswap,1812,completed,verified,US,True,True
TXN_00088,2025-11-06T13:11:50.969465,treasury_rebalance,standard,USER_000164,verified,,,22.18,,cross_chain_bridge,USDT,USDT,Arbitrum,Polygon,643507.64,638724.26,1.0,0.995064,49.36,13.99,836.13,11.88,745.03,11.58,1607.03,24.97,2,"OTC_Desk_1,OTC_Desk_2",1764,completed,verified,UK,False,True
TXN_00089,2025-11-07T11:14:20.969465,remittance,urgent,USER_000193,basic,,CO,89.64,300.0,stable_to_fiat,DAI,GBP,Optimism,,332.95,307.54,1.001659,0.998623,30.31,24.26,0.57,0.0,0.12,3.55,24.95,749.36,2,"Kraken,Coinbase",1367,completed,verified,UK,True,True
TXN_00090,2025-11-07T22:40:29.969465,vendor_payment,standard,USER_000345,verified,CORP_0006,,57.47,,fiat_to_stable,JPY,BUSD,,Polygon,7414.11,7371.21,1.001478,0.999477,19.98,24.01,1.07,0.0,13.94,18.81,39.02,52.63,1,OTC_Desk_1,3104,completed,verified,LATAM,True,True
TXN_00091,2025-11-02T00:51:51.969465,remittance,low,USER_000195,basic,,VN,92.34,,fiat_to_stable,CHF,BUSD,,Ethereum,538.68,516.98,1.001211,0.997456,37.51,19.52,0.55,0.0,0.26,4.86,20.33,377.4,3,"Uniswap,Binance,Curve",3554,completed,verified,UK,False,True
TXN_00092,2025-10-28T16:02:48.969465,invoice_settlement,standard,USER_000427,basic,CORP_0071,,42.47,,stable_to_stable,DAI,TUSD,Avalanche,Avalanche,60983.03,60862.27,1.002396,0.999816,25.74,18.85,68.38,0.0,22.31,3.66,109.54,17.96,4,"Coinbase,Curve,Binance,OTC_Desk_1",3451,completed,verified,US,True,True
TXN_00093,2025-11-02T16:02:29.969465,payroll_salary,urgent,USER_000078,basic,,CO,28.48,300.0,fiat_to_stable,CHF,USDC,,Ethereum,2821.19,2803.2,1.000129,0.997778,23.51,2.38,6.19,0.0,3.15,11.18,11.72,41.54,3,"Binance,Curve,Uniswap",3317,pending,verified,US,True,True
TXN_00094,2025-10-26T08:06:15.969465,remittance,low,USER_000137,verified,,PH,94.92,,fiat_to_stable,CHF,TUSD,,Polygon,388.82,369.75,1.001961,1.000442,15.16,17.73,0.99,0.0,0.52,13.42,19.24,494.83,1,Binance,1675,completed,verified,US,True,True
TXN_00095,2025-11-15T01:03:41.969465,remittance,standard,USER_000402,basic,,PH,115.79,,stable_to_fiat,USDT,JPY,Avalanche,,370.06,365.78,1.00155,0.998906,26.4,3.07,0.12,0.0,0.69,18.59,3.88,104.85,1,Coinbase,3498,completed,pending,LATAM,True,False
TXN_00096,2025-11-02T01:52:40.969465,invoice_settlement,standard,USER_000291,verified,CORP_0050,,42.83,,stable_to_stable,BUSD,USDT,Avalanche,Avalanche,4910.83,4856.79,0.995784,0.991946,38.55,9.95,1.88,0.0,2.66,5.41,14.49,29.51,1,Kraken,2493,completed,pending,APAC,True,False
TXN_00097,2025-10-17T08:33:53.969465,treasury_rebalance,standard,USER_000117,basic,,,23.53,,cross_chain_bridge,USDT,USDT,Avalanche,BSC,627591.08,623280.8,1.0,0.996527,34.73,3.97,1188.65,24.95,913.09,14.55,2130.66,33.95,1,Kraken,646,completed,verified,EU,False,True
TXN_00098,2025-10-29T14:16:42.969465,vendor_payment,low,USER_000228,basic,CORP_0035,,42.04,,fiat_to_stable,GBP,BUSD,,Optimism,6109.26,6079.88,1.000228,0.997421,28.06,4.38,2.2,0.0,7.04,11.53,13.62,22.29,3,"OTC_Desk_2,Uniswap,Binance",1210,completed,verified,LATAM,True,True
TXN_00099,2025-11-09T11:26:46.969465,payroll_salary,urgent,USER_000138,basic,,CO,25.75,300.0,stable_to_fiat,BUSD,SGD,Optimism,,3881.93,3836.18,0.999199,0.99518,40.22,10.31,11.02,0.0,5.71,14.7,27.04,69.66,4,"Curve,OTC_Desk_2,Coinbase,Uniswap",453,completed,verified,APAC,True,True
TXN_00100,2025-11-11T13:18:27.969465,merchant_payment,standard,USER_000221,verified,,,171.57,,stable_to_stable,DAI,BUSD,BSC,Avalanche,114.96,89.8,0.997009,0.9951,19.14,24.19,0.33,0.0,0.08,6.54,24.6,2139.87,4,"Curve,Coinbase,Kraken,Uniswap",1163,completed,verified,US,True,True
